{
	"credit": "Made with Blockbench",
	"textures": {
		"1": "block/anvil_top",
		"3": "block/blue_ice",
		"4": "block/netherite_block",
		"5": "block/blast_furnace_top",
		"6": "block/black_concrete",
		"7": "block/red_concrete",
		"particle": "block/blast_furnace_top"
	},
	"elements": [
		{
			"from": [0, 5, 7],
			"to": [16, 8, 9],
			"rotation": {"angle": 0, "axis": "y", "origin": [8, 13, 15]},
			"faces": {
				"north": {"uv": [0, 4, 16, 7], "texture": "#4"},
				"east": {"uv": [10, 7, 12, 10], "texture": "#4"},
				"south": {"uv": [0, 8, 16, 11], "texture": "#4"},
				"west": {"uv": [10, 6, 12, 9], "texture": "#4"},
				"up": {"uv": [0, 6, 16, 8], "texture": "#4"},
				"down": {"uv": [0, 8, 16, 11], "texture": "#4"}
			}
		},
		{
			"from": [30, 5, 7.5],
			"to": [32, 8, 8.5],
			"rotation": {"angle": 0, "axis": "y", "origin": [37, 13, 15]},
			"faces": {
				"north": {"uv": [3, 0, 5, 3], "texture": "#1"},
				"east": {"uv": [3, 0, 5, 3], "texture": "#1"},
				"south": {"uv": [3, 0, 5, 3], "texture": "#1"},
				"west": {"uv": [3, 0, 5, 3], "texture": "#1"},
				"up": {"uv": [3, 0, 5, 3], "texture": "#1"},
				"down": {"uv": [3, 0, 5, 3], "texture": "#1"}
			}
		},
		{
			"from": [-5, 4.5, 7],
			"to": [-4, 5, 9],
			"rotation": {"angle": 0, "axis": "y", "origin": [3, 12, 15]},
			"faces": {
				"north": {"uv": [8, 4, 9, 5], "texture": "#1"},
				"east": {"uv": [8, 4, 9, 5], "texture": "#1"},
				"south": {"uv": [8, 4, 9, 5], "texture": "#1"},
				"west": {"uv": [8, 4, 9, 5], "texture": "#1"},
				"up": {"uv": [8, 4, 9, 5], "texture": "#1"},
				"down": {"uv": [8, 4, 9, 5], "texture": "#1"}
			}
		},
		{
			"from": [-3, 5.5, 7],
			"to": [-2, 6, 9],
			"rotation": {"angle": 0, "axis": "y", "origin": [5, 13, 15]},
			"faces": {
				"north": {"uv": [6, 1, 7, 2], "texture": "#1"},
				"east": {"uv": [6, 1, 7, 2], "texture": "#1"},
				"south": {"uv": [6, 1, 7, 2], "texture": "#1"},
				"west": {"uv": [6, 1, 7, 2], "texture": "#1"},
				"up": {"uv": [6, 1, 7, 2], "texture": "#1"},
				"down": {"uv": [6, 1, 7, 2], "texture": "#1"}
			}
		},
		{
			"from": [-8, 4, 7],
			"to": [-7, 4.5, 9],
			"rotation": {"angle": 0, "axis": "y", "origin": [0, 12, 15]},
			"faces": {
				"north": {"uv": [8, 4, 9, 5], "texture": "#1"},
				"east": {"uv": [8, 4, 9, 5], "texture": "#1"},
				"south": {"uv": [8, 4, 9, 5], "texture": "#1"},
				"west": {"uv": [8, 4, 9, 5], "texture": "#1"},
				"up": {"uv": [8, 4, 9, 5], "texture": "#1"},
				"down": {"uv": [8, 4, 9, 5], "texture": "#1"}
			}
		},
		{
			"from": [-6, 5, 7],
			"to": [-5, 5.5, 9],
			"rotation": {"angle": 0, "axis": "y", "origin": [2, 13, 15]},
			"faces": {
				"north": {"uv": [6, 2, 7, 3], "texture": "#1"},
				"east": {"uv": [6, 2, 7, 3], "texture": "#1"},
				"south": {"uv": [6, 2, 7, 3], "texture": "#1"},
				"west": {"uv": [6, 2, 7, 3], "texture": "#1"},
				"up": {"uv": [6, 2, 7, 3], "texture": "#1"},
				"down": {"uv": [6, 2, 7, 3], "texture": "#1"}
			}
		},
		{
			"from": [-5, 5, 7],
			"to": [-3, 6, 9],
			"rotation": {"angle": 0, "axis": "y", "origin": [4, 13, 15]},
			"faces": {
				"north": {"uv": [7, 3, 9, 4], "texture": "#1"},
				"east": {"uv": [7, 3, 9, 4], "texture": "#1"},
				"south": {"uv": [7, 3, 9, 4], "texture": "#1"},
				"west": {"uv": [7, 3, 9, 4], "texture": "#1"},
				"up": {"uv": [7, 3, 9, 4], "texture": "#1"},
				"down": {"uv": [7, 3, 9, 4], "texture": "#1"}
			}
		},
		{
			"from": [-7, 3.5, 7],
			"to": [-6, 4, 9],
			"rotation": {"angle": 0, "axis": "y", "origin": [1, 11, 15]},
			"faces": {
				"north": {"uv": [7, 3, 8, 4], "texture": "#1"},
				"east": {"uv": [7, 3, 8, 4], "texture": "#1"},
				"south": {"uv": [7, 3, 8, 4], "texture": "#1"},
				"west": {"uv": [7, 3, 8, 4], "texture": "#1"},
				"up": {"uv": [7, 3, 8, 4], "texture": "#1"},
				"down": {"uv": [7, 3, 8, 4], "texture": "#1"}
			}
		},
		{
			"from": [-9, 6, 7],
			"to": [-2, 8, 9],
			"rotation": {"angle": 0, "axis": "y", "origin": [4, 15, 15]},
			"faces": {
				"north": {"uv": [3, 8, 11, 10], "texture": "#1"},
				"east": {"uv": [3, 8, 11, 10], "texture": "#1"},
				"south": {"uv": [3, 8, 11, 10], "texture": "#1"},
				"west": {"uv": [3, 8, 11, 10], "texture": "#1"},
				"up": {"uv": [3, 8, 10, 10], "texture": "#1"},
				"down": {"uv": [3, 8, 11, 10], "texture": "#1"}
			}
		},
		{
			"from": [-9, 3, 7],
			"to": [-7, 4, 9],
			"rotation": {"angle": 0, "axis": "y", "origin": [-1, 11, 15]},
			"faces": {
				"north": {"uv": [10, 6, 12, 7], "texture": "#1"},
				"east": {"uv": [10, 6, 12, 7], "texture": "#1"},
				"south": {"uv": [10, 6, 12, 7], "texture": "#1"},
				"west": {"uv": [10, 6, 12, 7], "texture": "#1"},
				"up": {"uv": [10, 6, 12, 7], "texture": "#1"},
				"down": {"uv": [10, 6, 12, 7], "texture": "#1"}
			}
		},
		{
			"from": [-10, 3, 7],
			"to": [-9, 8, 9],
			"rotation": {"angle": 0, "axis": "y", "origin": [-2, 13, 16]},
			"faces": {
				"north": {"uv": [6, 7, 7, 13], "texture": "#5"},
				"east": {"uv": [8, 7, 10, 13], "texture": "#5"},
				"south": {"uv": [7, 6, 8, 11], "texture": "#5"},
				"west": {"uv": [6, 6, 8, 12], "texture": "#5"},
				"up": {"uv": [6, 5, 7, 7], "texture": "#5"},
				"down": {"uv": [10, 8, 11, 10], "texture": "#5"}
			}
		},
		{
			"from": [-7, 4, 7],
			"to": [-5, 5, 9],
			"rotation": {"angle": 0, "axis": "y", "origin": [1, 12, 15]},
			"faces": {
				"north": {"uv": [8, 3, 10, 4], "texture": "#1"},
				"east": {"uv": [8, 3, 10, 4], "texture": "#1"},
				"south": {"uv": [8, 3, 10, 4], "texture": "#1"},
				"west": {"uv": [8, 3, 10, 4], "texture": "#1"},
				"up": {"uv": [8, 3, 10, 4], "texture": "#1"},
				"down": {"uv": [8, 3, 10, 4], "texture": "#1"}
			}
		},
		{
			"from": [2, 4, 7],
			"to": [4, 5, 9],
			"rotation": {"angle": 0, "axis": "y", "origin": [10, 12, 16]},
			"faces": {
				"north": {"uv": [0, 0, 2, 1], "texture": "#6"},
				"east": {"uv": [0, 0, 2, 1], "texture": "#6"},
				"south": {"uv": [0, 0, 2, 1], "texture": "#6"},
				"west": {"uv": [0, 0, 2, 1], "texture": "#6"},
				"up": {"uv": [0, 0, 2, 1], "texture": "#6"},
				"down": {"uv": [0, 0, 2, 1], "texture": "#6"}
			}
		},
		{
			"from": [1.5, 3, 7],
			"to": [3, 4, 9],
			"rotation": {"angle": 0, "axis": "y", "origin": [-5, 11, 0]},
			"faces": {
				"north": {"uv": [0, 0, 2, 1], "texture": "#6"},
				"east": {"uv": [0, 0, 2, 1], "texture": "#6"},
				"south": {"uv": [0, 0, 2, 1], "texture": "#6"},
				"west": {"uv": [0, 0, 2, 1], "texture": "#6"},
				"up": {"uv": [0, 0, 2, 1], "texture": "#6"},
				"down": {"uv": [0, 0, 2, 1], "texture": "#6"}
			}
		},
		{
			"from": [3, 3, 7],
			"to": [3.5, 4, 9],
			"rotation": {"angle": 0, "axis": "y", "origin": [10, 11, 16]},
			"faces": {
				"north": {"uv": [0, 0, 1, 1], "texture": "#6"},
				"east": {"uv": [0, 0, 1, 1], "texture": "#6"},
				"south": {"uv": [0, 0, 1, 1], "texture": "#6"},
				"west": {"uv": [0, 0, 1, 1], "texture": "#6"},
				"up": {"uv": [0, 0, 1, 1], "texture": "#6"},
				"down": {"uv": [0, 0, 1, 1], "texture": "#6"}
			}
		},
		{
			"from": [1, 0, 7],
			"to": [3, 3, 9],
			"rotation": {"angle": 0, "axis": "y", "origin": [9, 11, 16]},
			"faces": {
				"north": {"uv": [0, 0, 2, 4], "texture": "#6"},
				"east": {"uv": [0, 0, 2, 4], "texture": "#6"},
				"south": {"uv": [0, 0, 2, 4], "texture": "#6"},
				"west": {"uv": [0, 0, 2, 4], "texture": "#6"},
				"up": {"uv": [0, 0, 2, 4], "texture": "#6"},
				"down": {"uv": [0, 0, 2, 4], "texture": "#6"}
			}
		},
		{
			"from": [16, 6, 7.5],
			"to": [30, 7, 8.5],
			"rotation": {"angle": 0, "axis": "y", "origin": [24, 14, 15]},
			"faces": {
				"north": {"uv": [3, 5, 13, 7], "texture": "#1"},
				"east": {"uv": [3, 5, 13, 7], "texture": "#1"},
				"south": {"uv": [3, 5, 13, 7], "texture": "#1"},
				"west": {"uv": [3, 5, 13, 7], "texture": "#1"},
				"up": {"uv": [3, 5, 13, 7], "texture": "#1"},
				"down": {"uv": [3, 5, 13, 7], "texture": "#1"}
			}
		},
		{
			"from": [15, 4, 7],
			"to": [21, 5, 9],
			"rotation": {"angle": 0, "axis": "y", "origin": [23, 12, 15]},
			"faces": {
				"north": {"uv": [4, 0, 10, 1], "texture": "#1"},
				"east": {"uv": [5, 8, 11, 9], "texture": "#1"},
				"south": {"uv": [5, 5, 11, 6], "texture": "#1"},
				"west": {"uv": [7, 8, 13, 9], "texture": "#1"},
				"up": {"uv": [5, 9, 11, 10], "texture": "#1"},
				"down": {"uv": [4, 8, 10, 9], "texture": "#1"}
			}
		},
		{
			"from": [4, 8, 7.5],
			"to": [5, 9, 8.5],
			"rotation": {"angle": 0, "axis": "y", "origin": [12, 16, 15]},
			"faces": {
				"north": {"uv": [8, 5, 9, 6], "texture": "#1"},
				"east": {"uv": [8, 5, 9, 6], "texture": "#1"},
				"south": {"uv": [8, 5, 9, 6], "texture": "#1"},
				"west": {"uv": [8, 5, 9, 6], "texture": "#1"},
				"up": {"uv": [8, 5, 9, 6], "texture": "#1"},
				"down": {"uv": [8, 5, 9, 6], "texture": "#1"}
			}
		},
		{
			"from": [7, 8, 7.5],
			"to": [8, 9, 8.5],
			"rotation": {"angle": 0, "axis": "y", "origin": [15, 16, 15]},
			"faces": {
				"north": {"uv": [6, 3, 7, 4], "texture": "#1"},
				"east": {"uv": [6, 3, 7, 4], "texture": "#1"},
				"south": {"uv": [6, 3, 7, 4], "texture": "#1"},
				"west": {"uv": [6, 3, 7, 4], "texture": "#1"},
				"up": {"uv": [6, 3, 7, 4], "texture": "#1"},
				"down": {"uv": [6, 3, 7, 4], "texture": "#1"}
			}
		},
		{
			"from": [3, 9, 7.5],
			"to": [11, 10, 8.5],
			"rotation": {"angle": 0, "axis": "y", "origin": [12, 17, 15]},
			"faces": {
				"north": {"uv": [4, 0, 12, 2], "texture": "#1"},
				"east": {"uv": [4, 0, 12, 2], "texture": "#1"},
				"south": {"uv": [4, 0, 12, 2], "texture": "#1"},
				"west": {"uv": [4, 0, 12, 2], "texture": "#1"},
				"up": {"uv": [4, 0, 12, 2], "texture": "#1"},
				"down": {"uv": [4, 0, 12, 2], "texture": "#1"}
			}
		},
		{
			"from": [12, 8.5, 7],
			"to": [15, 10.5, 9],
			"rotation": {"angle": 0, "axis": "y", "origin": [19, 17, 15]},
			"faces": {
				"north": {"uv": [7, 4, 9, 6], "texture": "#1"},
				"east": {"uv": [8, 6, 10, 8], "texture": "#3"},
				"south": {"uv": [6, 3, 9, 5], "texture": "#1"},
				"west": {"uv": [6, 3, 8, 5], "texture": "#1"},
				"up": {"uv": [6, 5, 8, 7], "texture": "#1"},
				"down": {"uv": [8, 4, 10, 6], "texture": "#1"}
			}
		},
		{
			"from": [5, 1, 7],
			"to": [8, 5, 9],
			"rotation": {"angle": 0, "axis": "y", "origin": [13, 9, 16]},
			"faces": {
				"north": {"uv": [7, 7, 10, 11], "texture": "#4"},
				"east": {"uv": [7, 7, 10, 11], "texture": "#4"},
				"south": {"uv": [7, 7, 10, 11], "texture": "#4"},
				"west": {"uv": [7, 7, 10, 11], "texture": "#4"},
				"up": {"uv": [7, 7, 10, 11], "texture": "#4"},
				"down": {"uv": [7, 7, 10, 11], "texture": "#4"}
			}
		},
		{
			"from": [11, 8.75, 7.25],
			"to": [12, 10.25, 8.75],
			"rotation": {"angle": 0, "axis": "y", "origin": [19, 17, 15]},
			"faces": {
				"north": {"uv": [7, 2, 8, 4], "texture": "#1"},
				"east": {"uv": [7, 2, 8, 4], "texture": "#1"},
				"south": {"uv": [7, 2, 8, 4], "texture": "#1"},
				"west": {"uv": [7, 2, 8, 4], "texture": "#1"},
				"up": {"uv": [7, 2, 8, 4], "texture": "#1"},
				"down": {"uv": [7, 2, 8, 4], "texture": "#1"}
			}
		},
		{
			"from": [1, 8.75, 7.25],
			"to": [3, 10.25, 8.75],
			"rotation": {"angle": 0, "axis": "y", "origin": [10, 17, 15]},
			"faces": {
				"north": {"uv": [6, 6, 8, 8], "texture": "#1"},
				"east": {"uv": [6, 6, 8, 8], "texture": "#1"},
				"south": {"uv": [6, 6, 8, 8], "texture": "#1"},
				"west": {"uv": [8, 6, 10, 8], "texture": "#3"},
				"up": {"uv": [6, 6, 8, 8], "texture": "#1"},
				"down": {"uv": [6, 6, 8, 8], "texture": "#1"}
			}
		},
		{
			"from": [-2, 6, 7],
			"to": [0, 8, 9],
			"rotation": {"angle": 0, "axis": "y", "origin": [7, 15, 16]},
			"faces": {
				"north": {"uv": [6, 2, 8, 4], "texture": "#1"},
				"east": {"uv": [6, 2, 8, 4], "texture": "#1"},
				"south": {"uv": [6, 2, 8, 4], "texture": "#1"},
				"west": {"uv": [6, 2, 8, 4], "texture": "#1"},
				"up": {"uv": [6, 2, 8, 4], "texture": "#1"},
				"down": {"uv": [6, 2, 8, 4], "texture": "#1"}
			}
		},
		{
			"from": [7, 6, 6],
			"to": [8, 7, 7],
			"rotation": {"angle": 0, "axis": "y", "origin": [15, 14, 14]},
			"faces": {
				"north": {"uv": [0, 0, 1, 1], "texture": "#7"},
				"east": {"uv": [0, 0, 1, 1], "texture": "#7"},
				"south": {"uv": [0, 0, 1, 1], "texture": "#7"},
				"west": {"uv": [0, 0, 1, 1], "texture": "#7"},
				"up": {"uv": [0, 0, 1, 1], "texture": "#7"},
				"down": {"uv": [0, 0, 1, 1], "texture": "#7"}
			}
		}
	],
	"overrides": [
		{
			"predicate": {
				"pulling": 1
			},
			"model": "item/bow_pulling_0"
		},
		{
			"predicate": {
				"pulling": 1,
				"pull": 0.65
			},
			"model": "item/bow_pulling_1"
		},
		{
			"predicate": {
				"pulling": 1,
				"pull": 0.9
			},
			"model": "item/bow_pulling_2"
		}
	],
	"display": {
		"thirdperson_righthand": {
			"rotation": [-90, 90, 90],
			"translation": [0, 1.75, -1.75],
			"scale": [0.5, 0.5, 0.5]
		},
		"thirdperson_lefthand": {
			"rotation": [93.25, -90, 90],
			"translation": [0, 2.25, -1.5],
			"scale": [0.4, 0.4, 0.4]
		},
		"firstperson_righthand": {
			"rotation": [16, 100, 0],
			"translation": [8.63, 2.7, -17.62],
			"scale": [0.68, 0.68, 0.68]
		},
		"firstperson_lefthand": {
			"rotation": [23, -100, 0],
			"translation": [22.88, -4.3, -11.37],
			"scale": [0.68, 0.68, 0.68]
		},
		"ground": {
			"translation": [0, 4.75, 0]
		},
		"gui": {
			"rotation": [0, 0, 45],
			"translation": [-2.5, 0, 0],
			"scale": [0.5, 0.5, 0.5]
		},
		"fixed": {
			"translation": [-2, 0, 0],
			"scale": [0.5, 0.5, 1]
		}
	}
}