{
	"credit": "Made with Blockbench",
	"parent": "minecraft:block/cube_top",
	"textures": {
		"2": "block/yee",
		"top": "block/jukebox_top",
		"side": "block/jukebox_side",
		"particle": "block/yee"
	},
	"elements": [
		{
			"from": [0, 0, 0],
			"to": [16, 1, 16],
			"faces": {
				"north": {"uv": [0, 15, 16, 16], "texture": "#side"},
				"east": {"uv": [0, 15, 16, 16], "texture": "#side"},
				"south": {"uv": [0, 15, 16, 16], "texture": "#side"},
				"west": {"uv": [0, 15, 16, 16], "texture": "#side"},
				"up": {"uv": [0, 0, 16, 16], "texture": "#2"},
				"down": {"uv": [0, 0, 16, 16], "texture": "#side"}
			}
		},
		{
			"from": [0, 1, 0],
			"to": [1, 16, 16],
			"rotation": {"angle": 0, "axis": "y", "origin": [8, 9, 8]},
			"faces": {
				"north": {"uv": [15, 0, 16, 15], "texture": "#top"},
				"east": {"uv": [3, 3, 6, 13], "texture": "#top"},
				"south": {"uv": [0, 0, 1, 15], "texture": "#side"},
				"west": {"uv": [0, 0, 16, 15], "texture": "#side"},
				"up": {"uv": [0, 0, 1, 16], "texture": "#top"},
				"down": {"uv": [0, 0, 1, 16], "texture": "#missing"}
			}
		},
		{
			"from": [15, 1, 0],
			"to": [16, 16, 16],
			"rotation": {"angle": 0, "axis": "y", "origin": [23, 9, 8]},
			"faces": {
				"north": {"uv": [0, 0, 1, 15], "texture": "#side"},
				"east": {"uv": [0, 0, 16, 15], "texture": "#side"},
				"south": {"uv": [15, 0, 16, 15], "texture": "#side"},
				"west": {"uv": [3, 3, 6, 13], "texture": "#top"},
				"up": {"uv": [15, 0, 16, 16], "texture": "#top"},
				"down": {"uv": [0, 0, 1, 16], "texture": "#missing"}
			}
		},
		{
			"from": [1, 1, 15],
			"to": [15, 16, 16],
			"rotation": {"angle": 0, "axis": "y", "origin": [14, 9, 8]},
			"faces": {
				"north": {"uv": [3, 3, 6, 13], "texture": "#top"},
				"east": {"uv": [0, 0, 1, 15], "texture": "#missing"},
				"south": {"uv": [1, 0, 15, 15], "texture": "#side"},
				"west": {"uv": [0, 0, 1, 15], "texture": "#missing"},
				"up": {"uv": [1, 15, 15, 16], "texture": "#top"},
				"down": {"uv": [0, 0, 14, 1], "texture": "#missing"}
			}
		},
		{
			"from": [1, 15, 1],
			"to": [7, 16, 15],
			"rotation": {"angle": 0, "axis": "y", "origin": [14, 9, 7]},
			"faces": {
				"north": {"uv": [0, 0, 14, 15], "texture": "#missing"},
				"east": {"uv": [6, 3, 7, 13], "texture": "#top"},
				"south": {"uv": [1, 0, 15, 15], "texture": "#side"},
				"west": {"uv": [0, 0, 1, 15], "texture": "#missing"},
				"up": {"uv": [1, 1, 7, 15], "texture": "#top"},
				"down": {"uv": [1, 1, 7, 15], "texture": "#top"}
			}
		},
		{
			"from": [9, 15, 1],
			"to": [15, 16, 15],
			"rotation": {"angle": 0, "axis": "y", "origin": [23, 9, 7]},
			"faces": {
				"north": {"uv": [0, 0, 14, 15], "texture": "#missing"},
				"east": {"uv": [0, 0, 1, 15], "texture": "#missing"},
				"south": {"uv": [1, 0, 15, 15], "texture": "#side"},
				"west": {"uv": [9, 3, 10, 13], "texture": "#top"},
				"up": {"uv": [9, 1, 15, 15], "texture": "#top"},
				"down": {"uv": [9, 1, 15, 15], "texture": "#top"}
			}
		},
		{
			"from": [7, 15, 1],
			"to": [9, 16, 3],
			"rotation": {"angle": 0, "axis": "y", "origin": [20, 9, 7]},
			"faces": {
				"north": {"uv": [0, 0, 14, 15], "texture": "#missing"},
				"east": {"uv": [0, 0, 1, 15], "texture": "#missing"},
				"south": {"uv": [7, 2, 9, 3], "texture": "#top"},
				"west": {"uv": [0, 0, 1, 15], "texture": "#missing"},
				"up": {"uv": [7, 1, 9, 3], "texture": "#top"},
				"down": {"uv": [7, 13, 9, 15], "texture": "#top"}
			}
		},
		{
			"from": [7, 15, 13],
			"to": [9, 16, 15],
			"rotation": {"angle": 0, "axis": "y", "origin": [20, 9, 19]},
			"faces": {
				"north": {"uv": [7, 13, 9, 14], "texture": "#top"},
				"east": {"uv": [0, 0, 1, 15], "texture": "#missing"},
				"south": {"uv": [1, 0, 15, 15], "texture": "#side"},
				"west": {"uv": [0, 0, 1, 15], "texture": "#missing"},
				"up": {"uv": [7, 13, 9, 15], "texture": "#top"},
				"down": {"uv": [7, 1, 9, 3], "texture": "#top"}
			}
		},
		{
			"from": [1, 1, 0],
			"to": [15, 16, 1],
			"rotation": {"angle": 0, "axis": "y", "origin": [14, 9, -7]},
			"faces": {
				"north": {"uv": [1, 0, 15, 15], "texture": "#side"},
				"east": {"uv": [0, 0, 1, 15], "texture": "#missing"},
				"south": {"uv": [3, 3, 6, 13], "texture": "#top"},
				"west": {"uv": [0, 0, 1, 15], "texture": "#missing"},
				"up": {"uv": [1, 0, 15, 1], "texture": "#top"},
				"down": {"uv": [0, 0, 14, 1], "texture": "#missing"}
			}
		}
	]
}