{
	"credit": "Made with Blockbench",
	"parent": "minecraft:block/template_lantern",
	"textures": {
		"lantern": "block/soul_lantern"
	},
	"elements": [
		{
			"from": [6, 1, 6],
			"to": [10, 2, 10],
			"rotation": {"angle": 0, "axis": "y", "origin": [6, 9, 7]},
			"faces": {
				"north": {"uv": [1, 8, 5, 9], "texture": "#lantern"},
				"east": {"uv": [1, 8, 5, 9], "texture": "#lantern"},
				"south": {"uv": [1, 8, 5, 9], "texture": "#lantern"},
				"west": {"uv": [1, 8, 5, 9], "texture": "#lantern"},
				"up": {"uv": [1, 10, 5, 14], "texture": "#lantern"},
				"down": {"uv": [1, 10, 5, 14], "texture": "#lantern"}
			}
		},
		{
			"from": [6, 2, 6],
			"to": [10, 7, 10],
			"rotation": {"angle": 0, "axis": "y", "origin": [6, 10, 7]},
			"faces": {
				"north": {"uv": [1, 3, 5, 8], "texture": "#lantern"},
				"east": {"uv": [1, 3, 5, 8], "texture": "#lantern"},
				"south": {"uv": [1, 3, 5, 8], "texture": "#lantern"},
				"west": {"uv": [1, 3, 5, 8], "texture": "#lantern"},
				"up": {"uv": [1, 3, 5, 8], "texture": "#lantern"},
				"down": {"uv": [1, 3, 5, 8], "texture": "#lantern"}
			}
		},
		{
			"from": [5, 7, 5],
			"to": [11, 8, 11],
			"rotation": {"angle": 0, "axis": "y", "origin": [6, 15, 7]},
			"faces": {
				"north": {"uv": [0, 8, 6, 9], "texture": "#lantern"},
				"east": {"uv": [0, 8, 6, 9], "texture": "#lantern"},
				"south": {"uv": [0, 8, 6, 9], "texture": "#lantern"},
				"west": {"uv": [0, 8, 6, 9], "texture": "#lantern"},
				"up": {"uv": [0, 9, 6, 15], "texture": "#lantern"},
				"down": {"uv": [0, 9, 6, 15], "texture": "#lantern"}
			}
		},
		{
			"from": [5, 2, 5],
			"to": [6, 7, 6],
			"rotation": {"angle": 0, "axis": "y", "origin": [6, 14, 7]},
			"faces": {
				"north": {"uv": [5, 3, 6, 8], "texture": "#lantern"},
				"east": {"uv": [5, 3, 6, 8], "texture": "#lantern"},
				"south": {"uv": [5, 3, 6, 8], "texture": "#lantern"},
				"west": {"uv": [5, 3, 6, 8], "texture": "#lantern"},
				"up": {"uv": [5, 3, 6, 8], "texture": "#lantern"},
				"down": {"uv": [5, 3, 6, 8], "texture": "#lantern"}
			}
		},
		{
			"from": [10, 2, 5],
			"to": [11, 7, 6],
			"rotation": {"angle": 0, "axis": "y", "origin": [11, 14, 7]},
			"faces": {
				"north": {"uv": [5, 3, 6, 8], "texture": "#lantern"},
				"east": {"uv": [5, 3, 6, 8], "texture": "#lantern"},
				"south": {"uv": [5, 3, 6, 8], "texture": "#lantern"},
				"west": {"uv": [5, 3, 6, 8], "texture": "#lantern"},
				"up": {"uv": [5, 3, 6, 8], "texture": "#lantern"},
				"down": {"uv": [5, 3, 6, 8], "texture": "#lantern"}
			}
		},
		{
			"from": [10, 2, 10],
			"to": [11, 7, 11],
			"rotation": {"angle": 0, "axis": "y", "origin": [11, 14, 12]},
			"faces": {
				"north": {"uv": [5, 3, 6, 8], "texture": "#lantern"},
				"east": {"uv": [5, 3, 6, 8], "texture": "#lantern"},
				"south": {"uv": [5, 3, 6, 8], "texture": "#lantern"},
				"west": {"uv": [5, 3, 6, 8], "texture": "#lantern"},
				"up": {"uv": [5, 3, 6, 8], "texture": "#lantern"},
				"down": {"uv": [5, 3, 6, 8], "texture": "#lantern"}
			}
		},
		{
			"from": [5, 2, 10],
			"to": [6, 7, 11],
			"rotation": {"angle": 0, "axis": "y", "origin": [6, 14, 12]},
			"faces": {
				"north": {"uv": [5, 3, 6, 8], "texture": "#lantern"},
				"east": {"uv": [5, 3, 6, 8], "texture": "#lantern"},
				"south": {"uv": [5, 3, 6, 8], "texture": "#lantern"},
				"west": {"uv": [5, 3, 6, 8], "texture": "#lantern"},
				"up": {"uv": [5, 3, 6, 8], "texture": "#lantern"},
				"down": {"uv": [5, 3, 6, 8], "texture": "#lantern"}
			}
		},
		{
			"from": [6.5, 14, 8],
			"to": [9.5, 16, 8],
			"rotation": {"angle": -45, "axis": "y", "origin": [8, 14.5, 8]},
			"faces": {
				"north": {"uv": [11, 6, 14, 8], "texture": "#lantern"},
				"east": {"uv": [11, 6, 14, 8], "texture": "#lantern"},
				"south": {"uv": [11, 6, 14, 8], "texture": "#lantern"},
				"west": {"uv": [11, 6, 14, 8], "texture": "#lantern"},
				"up": {"uv": [11, 6, 14, 8], "rotation": 90, "texture": "#lantern"},
				"down": {"uv": [11, 6, 14, 8], "rotation": 270, "texture": "#lantern"}
			}
		},
		{
			"from": [8, 11, 6.5],
			"to": [8, 15, 9.5],
			"rotation": {"angle": -45, "axis": "y", "origin": [8, 10.5, 8]},
			"faces": {
				"north": {"uv": [11, 1, 14, 5], "texture": "#lantern"},
				"east": {"uv": [11, 1, 14, 5], "texture": "#lantern"},
				"south": {"uv": [11, 1, 14, 5], "texture": "#lantern"},
				"west": {"uv": [11, 1, 14, 5], "texture": "#lantern"},
				"up": {"uv": [11, 1, 14, 5], "rotation": 90, "texture": "#lantern"},
				"down": {"uv": [11, 1, 14, 5], "rotation": 270, "texture": "#lantern"}
			}
		},
		{
			"from": [6.5, 10, 8],
			"to": [9.5, 12, 8],
			"rotation": {"angle": -45, "axis": "y", "origin": [8, 10.5, 8]},
			"faces": {
				"north": {"uv": [11, 10, 14, 12], "texture": "#lantern"},
				"east": {"uv": [11, 10, 14, 12], "texture": "#lantern"},
				"south": {"uv": [11, 10, 14, 12], "texture": "#lantern"},
				"west": {"uv": [11, 10, 14, 12], "texture": "#lantern"},
				"up": {"uv": [11, 10, 14, 12], "texture": "#lantern"},
				"down": {"uv": [11, 10, 14, 12], "texture": "#lantern"}
			}
		},
		{
			"from": [5, 1, 5],
			"to": [6, 2, 6],
			"rotation": {"angle": 0, "axis": "y", "origin": [13, 9, 13]},
			"faces": {
				"north": {"uv": [0, 8, 1, 9], "texture": "#lantern"},
				"east": {"uv": [0, 8, 1, 9], "texture": "#lantern"},
				"south": {"uv": [0, 8, 1, 9], "texture": "#lantern"},
				"west": {"uv": [0, 8, 1, 9], "texture": "#lantern"},
				"up": {"uv": [0, 8, 1, 9], "texture": "#lantern"},
				"down": {"uv": [0, 8, 1, 9], "texture": "#lantern"}
			}
		},
		{
			"from": [10, 1, 5],
			"to": [11, 2, 6],
			"rotation": {"angle": 0, "axis": "y", "origin": [18, 9, 13]},
			"faces": {
				"north": {"uv": [0, 8, 1, 9], "texture": "#lantern"},
				"east": {"uv": [0, 8, 1, 9], "texture": "#lantern"},
				"south": {"uv": [0, 8, 1, 9], "texture": "#lantern"},
				"west": {"uv": [0, 8, 1, 9], "texture": "#lantern"},
				"up": {"uv": [0, 8, 1, 9], "texture": "#lantern"},
				"down": {"uv": [0, 8, 1, 9], "texture": "#lantern"}
			}
		},
		{
			"from": [10, 1, 10],
			"to": [11, 2, 11],
			"rotation": {"angle": 0, "axis": "y", "origin": [18, 9, 18]},
			"faces": {
				"north": {"uv": [0, 8, 1, 9], "texture": "#lantern"},
				"east": {"uv": [0, 8, 1, 9], "texture": "#lantern"},
				"south": {"uv": [0, 8, 1, 9], "texture": "#lantern"},
				"west": {"uv": [0, 8, 1, 9], "texture": "#lantern"},
				"up": {"uv": [0, 8, 1, 9], "texture": "#lantern"},
				"down": {"uv": [0, 8, 1, 9], "texture": "#lantern"}
			}
		},
		{
			"from": [5, 1, 10],
			"to": [6, 2, 11],
			"rotation": {"angle": 0, "axis": "y", "origin": [13, 9, 18]},
			"faces": {
				"north": {"uv": [0, 8, 1, 9], "texture": "#lantern"},
				"east": {"uv": [0, 8, 1, 9], "texture": "#lantern"},
				"south": {"uv": [0, 8, 1, 9], "texture": "#lantern"},
				"west": {"uv": [0, 8, 1, 9], "texture": "#lantern"},
				"up": {"uv": [0, 8, 1, 9], "texture": "#lantern"},
				"down": {"uv": [0, 8, 1, 9], "texture": "#lantern"}
			}
		},
		{
			"from": [10, 1, 9],
			"to": [11, 2, 10],
			"rotation": {"angle": 0, "axis": "y", "origin": [18, 9, 17]},
			"faces": {
				"north": {"uv": [1, 8, 2, 9], "texture": "#lantern"},
				"east": {"uv": [1, 8, 2, 9], "texture": "#lantern"},
				"south": {"uv": [1, 8, 2, 9], "texture": "#lantern"},
				"west": {"uv": [1, 8, 2, 9], "texture": "#lantern"},
				"up": {"uv": [1, 8, 2, 9], "texture": "#lantern"},
				"down": {"uv": [1, 8, 2, 9], "texture": "#lantern"}
			}
		},
		{
			"from": [5, 1, 9],
			"to": [6, 2, 10],
			"rotation": {"angle": 0, "axis": "y", "origin": [13, 9, 17]},
			"faces": {
				"north": {"uv": [1, 8, 2, 9], "texture": "#lantern"},
				"east": {"uv": [1, 8, 2, 9], "texture": "#lantern"},
				"south": {"uv": [1, 8, 2, 9], "texture": "#lantern"},
				"west": {"uv": [1, 8, 2, 9], "texture": "#lantern"},
				"up": {"uv": [1, 8, 2, 9], "texture": "#lantern"},
				"down": {"uv": [1, 8, 2, 9], "texture": "#lantern"}
			}
		},
		{
			"from": [6, 1, 5],
			"to": [7, 2, 6],
			"rotation": {"angle": 0, "axis": "y", "origin": [8, 1, 5]},
			"faces": {
				"north": {"uv": [1, 8, 2, 9], "texture": "#lantern"},
				"east": {"uv": [1, 8, 2, 9], "texture": "#lantern"},
				"south": {"uv": [1, 8, 2, 9], "texture": "#lantern"},
				"west": {"uv": [1, 8, 2, 9], "texture": "#lantern"},
				"up": {"uv": [1, 8, 2, 9], "rotation": 90, "texture": "#lantern"},
				"down": {"uv": [1, 8, 2, 9], "rotation": 270, "texture": "#lantern"}
			}
		},
		{
			"from": [6, 1, 10],
			"to": [7, 2, 11],
			"rotation": {"angle": 0, "axis": "y", "origin": [8, 1, 10]},
			"faces": {
				"north": {"uv": [1, 8, 2, 9], "texture": "#lantern"},
				"east": {"uv": [1, 8, 2, 9], "texture": "#lantern"},
				"south": {"uv": [1, 8, 2, 9], "texture": "#lantern"},
				"west": {"uv": [1, 8, 2, 9], "texture": "#lantern"},
				"up": {"uv": [1, 8, 2, 9], "rotation": 90, "texture": "#lantern"},
				"down": {"uv": [1, 8, 2, 9], "rotation": 270, "texture": "#lantern"}
			}
		},
		{
			"from": [10, 1, 6],
			"to": [11, 2, 7],
			"rotation": {"angle": 0, "axis": "y", "origin": [18, 9, 14]},
			"faces": {
				"north": {"uv": [1, 8, 2, 9], "texture": "#lantern"},
				"east": {"uv": [1, 8, 2, 9], "texture": "#lantern"},
				"south": {"uv": [1, 8, 2, 9], "texture": "#lantern"},
				"west": {"uv": [1, 8, 2, 9], "texture": "#lantern"},
				"up": {"uv": [1, 8, 2, 9], "texture": "#lantern"},
				"down": {"uv": [1, 8, 2, 9], "texture": "#lantern"}
			}
		},
		{
			"from": [5, 1, 6],
			"to": [6, 2, 7],
			"rotation": {"angle": 0, "axis": "y", "origin": [13, 9, 14]},
			"faces": {
				"north": {"uv": [1, 8, 2, 9], "texture": "#lantern"},
				"east": {"uv": [1, 8, 2, 9], "texture": "#lantern"},
				"south": {"uv": [1, 8, 2, 9], "texture": "#lantern"},
				"west": {"uv": [1, 8, 2, 9], "texture": "#lantern"},
				"up": {"uv": [1, 8, 2, 9], "texture": "#lantern"},
				"down": {"uv": [1, 8, 2, 9], "texture": "#lantern"}
			}
		},
		{
			"from": [9, 1, 5],
			"to": [10, 2, 6],
			"rotation": {"angle": 0, "axis": "y", "origin": [8, 1, 5]},
			"faces": {
				"north": {"uv": [1, 8, 2, 9], "texture": "#lantern"},
				"east": {"uv": [1, 8, 2, 9], "texture": "#lantern"},
				"south": {"uv": [1, 8, 2, 9], "texture": "#lantern"},
				"west": {"uv": [1, 8, 2, 9], "texture": "#lantern"},
				"up": {"uv": [1, 8, 2, 9], "rotation": 90, "texture": "#lantern"},
				"down": {"uv": [1, 8, 2, 9], "rotation": 270, "texture": "#lantern"}
			}
		},
		{
			"from": [9, 1, 10],
			"to": [10, 2, 11],
			"rotation": {"angle": 0, "axis": "y", "origin": [8, 1, 10]},
			"faces": {
				"north": {"uv": [1, 8, 2, 9], "texture": "#lantern"},
				"east": {"uv": [1, 8, 2, 9], "texture": "#lantern"},
				"south": {"uv": [1, 8, 2, 9], "texture": "#lantern"},
				"west": {"uv": [1, 8, 2, 9], "texture": "#lantern"},
				"up": {"uv": [1, 8, 2, 9], "rotation": 90, "texture": "#lantern"},
				"down": {"uv": [1, 8, 2, 9], "rotation": 270, "texture": "#lantern"}
			}
		},
		{
			"from": [10, 1.5, 8],
			"to": [11, 2, 9],
			"rotation": {"angle": 0, "axis": "y", "origin": [18, 9, 16]},
			"faces": {
				"north": {"uv": [2, 8, 3, 9], "texture": "#lantern"},
				"east": {"uv": [2, 8, 3, 9], "texture": "#lantern"},
				"south": {"uv": [2, 8, 3, 9], "texture": "#lantern"},
				"west": {"uv": [2, 8, 3, 9], "texture": "#lantern"},
				"up": {"uv": [2, 8, 3, 9], "texture": "#lantern"},
				"down": {"uv": [2, 8, 3, 9], "texture": "#lantern"}
			}
		},
		{
			"from": [5, 1.5, 8],
			"to": [6, 2, 9],
			"rotation": {"angle": 0, "axis": "y", "origin": [13, 9, 16]},
			"faces": {
				"north": {"uv": [2, 8, 3, 9], "texture": "#lantern"},
				"east": {"uv": [2, 8, 3, 9], "texture": "#lantern"},
				"south": {"uv": [2, 8, 3, 9], "texture": "#lantern"},
				"west": {"uv": [2, 8, 3, 9], "texture": "#lantern"},
				"up": {"uv": [2, 8, 3, 9], "texture": "#lantern"},
				"down": {"uv": [2, 8, 3, 9], "texture": "#lantern"}
			}
		},
		{
			"from": [7, 1.5, 5],
			"to": [8, 2, 6],
			"rotation": {"angle": 0, "axis": "y", "origin": [8, 1, 5]},
			"faces": {
				"north": {"uv": [2, 8, 3, 9], "texture": "#lantern"},
				"east": {"uv": [2, 8, 3, 9], "texture": "#lantern"},
				"south": {"uv": [2, 8, 3, 9], "texture": "#lantern"},
				"west": {"uv": [2, 8, 3, 9], "texture": "#lantern"},
				"up": {"uv": [2, 8, 3, 9], "rotation": 90, "texture": "#lantern"},
				"down": {"uv": [2, 8, 3, 9], "rotation": 270, "texture": "#lantern"}
			}
		},
		{
			"from": [7, 1.5, 10],
			"to": [8, 2, 11],
			"rotation": {"angle": 0, "axis": "y", "origin": [8, 1, 10]},
			"faces": {
				"north": {"uv": [2, 8, 3, 9], "texture": "#lantern"},
				"east": {"uv": [2, 8, 3, 9], "texture": "#lantern"},
				"south": {"uv": [2, 8, 3, 9], "texture": "#lantern"},
				"west": {"uv": [2, 8, 3, 9], "texture": "#lantern"},
				"up": {"uv": [2, 8, 3, 9], "rotation": 90, "texture": "#lantern"},
				"down": {"uv": [2, 8, 3, 9], "rotation": 270, "texture": "#lantern"}
			}
		},
		{
			"from": [10, 1.5, 7],
			"to": [11, 2, 8],
			"rotation": {"angle": 0, "axis": "y", "origin": [18, 9, 15]},
			"faces": {
				"north": {"uv": [2, 8, 3, 9], "texture": "#lantern"},
				"east": {"uv": [2, 8, 3, 9], "texture": "#lantern"},
				"south": {"uv": [2, 8, 3, 9], "texture": "#lantern"},
				"west": {"uv": [2, 8, 3, 9], "texture": "#lantern"},
				"up": {"uv": [2, 8, 3, 9], "texture": "#lantern"},
				"down": {"uv": [2, 8, 3, 9], "texture": "#lantern"}
			}
		},
		{
			"from": [5, 1.5, 7],
			"to": [6, 2, 8],
			"rotation": {"angle": 0, "axis": "y", "origin": [13, 9, 15]},
			"faces": {
				"north": {"uv": [2, 8, 3, 9], "texture": "#lantern"},
				"east": {"uv": [2, 8, 3, 9], "texture": "#lantern"},
				"south": {"uv": [2, 8, 3, 9], "texture": "#lantern"},
				"west": {"uv": [2, 8, 3, 9], "texture": "#lantern"},
				"up": {"uv": [2, 8, 3, 9], "texture": "#lantern"},
				"down": {"uv": [2, 8, 3, 9], "texture": "#lantern"}
			}
		},
		{
			"from": [8, 1.5, 5],
			"to": [9, 2, 6],
			"rotation": {"angle": 0, "axis": "y", "origin": [8, 1, 5]},
			"faces": {
				"north": {"uv": [2, 8, 3, 9], "texture": "#lantern"},
				"east": {"uv": [2, 8, 3, 9], "texture": "#lantern"},
				"south": {"uv": [2, 8, 3, 9], "texture": "#lantern"},
				"west": {"uv": [2, 8, 3, 9], "texture": "#lantern"},
				"up": {"uv": [2, 8, 3, 9], "rotation": 90, "texture": "#lantern"},
				"down": {"uv": [2, 8, 3, 9], "rotation": 270, "texture": "#lantern"}
			}
		},
		{
			"from": [8, 1.5, 10],
			"to": [9, 2, 11],
			"rotation": {"angle": 0, "axis": "y", "origin": [8, 1, 10]},
			"faces": {
				"north": {"uv": [2, 8, 3, 9], "texture": "#lantern"},
				"east": {"uv": [2, 8, 3, 9], "texture": "#lantern"},
				"south": {"uv": [2, 8, 3, 9], "texture": "#lantern"},
				"west": {"uv": [2, 8, 3, 9], "texture": "#lantern"},
				"up": {"uv": [2, 8, 3, 9], "rotation": 90, "texture": "#lantern"},
				"down": {"uv": [2, 8, 3, 9], "rotation": 270, "texture": "#lantern"}
			}
		},
		{
			"from": [8, 9, 6],
			"to": [9, 10, 7],
			"rotation": {"angle": 0, "axis": "y", "origin": [16, 17, 14]},
			"faces": {
				"north": {"uv": [2, 0, 3, 1], "texture": "#lantern"},
				"east": {"uv": [2, 0, 3, 1], "texture": "#lantern"},
				"south": {"uv": [2, 0, 3, 1], "texture": "#lantern"},
				"west": {"uv": [2, 0, 3, 1], "texture": "#lantern"},
				"up": {"uv": [2, 0, 3, 1], "texture": "#lantern"},
				"down": {"uv": [2, 0, 3, 1], "texture": "#lantern"}
			}
		},
		{
			"from": [6, 9, 7],
			"to": [7, 10, 8],
			"rotation": {"angle": 0, "axis": "y", "origin": [14, 17, 15]},
			"faces": {
				"north": {"uv": [2, 0, 3, 1], "texture": "#lantern"},
				"east": {"uv": [2, 0, 3, 1], "texture": "#lantern"},
				"south": {"uv": [2, 0, 3, 1], "texture": "#lantern"},
				"west": {"uv": [2, 0, 3, 1], "texture": "#lantern"},
				"up": {"uv": [2, 0, 3, 1], "texture": "#lantern"},
				"down": {"uv": [2, 0, 3, 1], "texture": "#lantern"}
			}
		},
		{
			"from": [9, 9, 7],
			"to": [10, 10, 8],
			"rotation": {"angle": 0, "axis": "y", "origin": [17, 17, 15]},
			"faces": {
				"north": {"uv": [2, 0, 3, 1], "texture": "#lantern"},
				"east": {"uv": [2, 0, 3, 1], "texture": "#lantern"},
				"south": {"uv": [2, 0, 3, 1], "texture": "#lantern"},
				"west": {"uv": [2, 0, 3, 1], "texture": "#lantern"},
				"up": {"uv": [2, 0, 3, 1], "texture": "#lantern"},
				"down": {"uv": [2, 0, 3, 1], "texture": "#lantern"}
			}
		},
		{
			"from": [8, 9, 9],
			"to": [9, 10, 10],
			"rotation": {"angle": 0, "axis": "y", "origin": [16, 17, 17]},
			"faces": {
				"north": {"uv": [2, 0, 3, 1], "texture": "#lantern"},
				"east": {"uv": [2, 0, 3, 1], "texture": "#lantern"},
				"south": {"uv": [2, 0, 3, 1], "texture": "#lantern"},
				"west": {"uv": [2, 0, 3, 1], "texture": "#lantern"},
				"up": {"uv": [2, 0, 3, 1], "texture": "#lantern"},
				"down": {"uv": [2, 0, 3, 1], "texture": "#lantern"}
			}
		},
		{
			"from": [7, 9, 6],
			"to": [8, 10, 7],
			"rotation": {"angle": 0, "axis": "y", "origin": [15, 17, 14]},
			"faces": {
				"north": {"uv": [3, 0, 4, 1], "texture": "#lantern"},
				"east": {"uv": [3, 0, 4, 1], "texture": "#lantern"},
				"south": {"uv": [3, 0, 4, 1], "texture": "#lantern"},
				"west": {"uv": [3, 0, 4, 1], "texture": "#lantern"},
				"up": {"uv": [3, 0, 4, 1], "texture": "#lantern"},
				"down": {"uv": [3, 0, 4, 1], "texture": "#lantern"}
			}
		},
		{
			"from": [7, 9, 7],
			"to": [8, 10, 8],
			"rotation": {"angle": 0, "axis": "y", "origin": [15, 17, 15]},
			"faces": {
				"north": {"uv": [3, 0, 4, 1], "texture": "#lantern"},
				"east": {"uv": [3, 0, 4, 1], "texture": "#lantern"},
				"south": {"uv": [3, 0, 4, 1], "texture": "#lantern"},
				"west": {"uv": [3, 0, 4, 1], "texture": "#lantern"},
				"up": {"uv": [3, 0, 4, 1], "texture": "#lantern"},
				"down": {"uv": [3, 0, 4, 1], "texture": "#lantern"}
			}
		},
		{
			"from": [7, 9, 8],
			"to": [8, 10, 9],
			"rotation": {"angle": 0, "axis": "y", "origin": [15, 17, 16]},
			"faces": {
				"north": {"uv": [3, 0, 4, 1], "texture": "#lantern"},
				"east": {"uv": [3, 0, 4, 1], "texture": "#lantern"},
				"south": {"uv": [3, 0, 4, 1], "texture": "#lantern"},
				"west": {"uv": [3, 0, 4, 1], "texture": "#lantern"},
				"up": {"uv": [3, 0, 4, 1], "texture": "#lantern"},
				"down": {"uv": [3, 0, 4, 1], "texture": "#lantern"}
			}
		},
		{
			"from": [8, 9, 8],
			"to": [9, 10, 9],
			"rotation": {"angle": 0, "axis": "y", "origin": [16, 17, 16]},
			"faces": {
				"north": {"uv": [3, 0, 4, 1], "texture": "#lantern"},
				"east": {"uv": [3, 0, 4, 1], "texture": "#lantern"},
				"south": {"uv": [3, 0, 4, 1], "texture": "#lantern"},
				"west": {"uv": [3, 0, 4, 1], "texture": "#lantern"},
				"up": {"uv": [3, 0, 4, 1], "texture": "#lantern"},
				"down": {"uv": [3, 0, 4, 1], "texture": "#lantern"}
			}
		},
		{
			"from": [8, 9, 7],
			"to": [9, 10, 8],
			"rotation": {"angle": 0, "axis": "y", "origin": [16, 17, 15]},
			"faces": {
				"north": {"uv": [3, 0, 4, 1], "texture": "#lantern"},
				"east": {"uv": [3, 0, 4, 1], "texture": "#lantern"},
				"south": {"uv": [3, 0, 4, 1], "texture": "#lantern"},
				"west": {"uv": [3, 0, 4, 1], "texture": "#lantern"},
				"up": {"uv": [3, 0, 4, 1], "texture": "#lantern"},
				"down": {"uv": [3, 0, 4, 1], "texture": "#lantern"}
			}
		},
		{
			"from": [6, 9, 8],
			"to": [7, 10, 9],
			"rotation": {"angle": 0, "axis": "y", "origin": [14, 17, 16]},
			"faces": {
				"north": {"uv": [3, 0, 4, 1], "texture": "#lantern"},
				"east": {"uv": [3, 0, 4, 1], "texture": "#lantern"},
				"south": {"uv": [3, 0, 4, 1], "texture": "#lantern"},
				"west": {"uv": [3, 0, 4, 1], "texture": "#lantern"},
				"up": {"uv": [3, 0, 4, 1], "texture": "#lantern"},
				"down": {"uv": [3, 0, 4, 1], "texture": "#lantern"}
			}
		},
		{
			"from": [9, 9, 8],
			"to": [10, 10, 9],
			"rotation": {"angle": 0, "axis": "y", "origin": [17, 17, 16]},
			"faces": {
				"north": {"uv": [3, 0, 4, 1], "texture": "#lantern"},
				"east": {"uv": [3, 0, 4, 1], "texture": "#lantern"},
				"south": {"uv": [3, 0, 4, 1], "texture": "#lantern"},
				"west": {"uv": [3, 0, 4, 1], "texture": "#lantern"},
				"up": {"uv": [3, 0, 4, 1], "texture": "#lantern"},
				"down": {"uv": [3, 0, 4, 1], "texture": "#lantern"}
			}
		},
		{
			"from": [7, 9, 9],
			"to": [8, 10, 10],
			"rotation": {"angle": 0, "axis": "y", "origin": [15, 17, 17]},
			"faces": {
				"north": {"uv": [3, 0, 4, 1], "texture": "#lantern"},
				"east": {"uv": [3, 0, 4, 1], "texture": "#lantern"},
				"south": {"uv": [3, 0, 4, 1], "texture": "#lantern"},
				"west": {"uv": [3, 0, 4, 1], "texture": "#lantern"},
				"up": {"uv": [3, 0, 4, 1], "texture": "#lantern"},
				"down": {"uv": [3, 0, 4, 1], "texture": "#lantern"}
			}
		},
		{
			"from": [9, 8, 6],
			"to": [10, 9, 7],
			"rotation": {"angle": 0, "axis": "y", "origin": [17, 16, 14]},
			"faces": {
				"north": {"uv": [4, 1, 5, 2], "texture": "#lantern"},
				"east": {"uv": [4, 1, 5, 2], "texture": "#lantern"},
				"south": {"uv": [4, 1, 5, 2], "texture": "#lantern"},
				"west": {"uv": [4, 1, 5, 2], "texture": "#lantern"},
				"up": {"uv": [4, 1, 5, 2], "texture": "#lantern"},
				"down": {"uv": [4, 1, 5, 2], "texture": "#lantern"}
			}
		},
		{
			"from": [6, 8, 6],
			"to": [7, 9, 7],
			"rotation": {"angle": 0, "axis": "y", "origin": [14, 16, 14]},
			"faces": {
				"north": {"uv": [4, 1, 5, 2], "texture": "#lantern"},
				"east": {"uv": [4, 1, 5, 2], "texture": "#lantern"},
				"south": {"uv": [4, 1, 5, 2], "texture": "#lantern"},
				"west": {"uv": [4, 1, 5, 2], "texture": "#lantern"},
				"up": {"uv": [4, 1, 5, 2], "texture": "#lantern"},
				"down": {"uv": [4, 1, 5, 2], "texture": "#lantern"}
			}
		},
		{
			"from": [6, 8, 9],
			"to": [7, 9, 10],
			"rotation": {"angle": 0, "axis": "y", "origin": [14, 16, 17]},
			"faces": {
				"north": {"uv": [4, 1, 5, 2], "texture": "#lantern"},
				"east": {"uv": [4, 1, 5, 2], "texture": "#lantern"},
				"south": {"uv": [4, 1, 5, 2], "texture": "#lantern"},
				"west": {"uv": [4, 1, 5, 2], "texture": "#lantern"},
				"up": {"uv": [4, 1, 5, 2], "texture": "#lantern"},
				"down": {"uv": [4, 1, 5, 2], "texture": "#lantern"}
			}
		},
		{
			"from": [9, 8, 9],
			"to": [10, 9, 10],
			"rotation": {"angle": 0, "axis": "y", "origin": [17, 16, 17]},
			"faces": {
				"north": {"uv": [1, 1, 2, 2], "texture": "#lantern"},
				"east": {"uv": [1, 1, 2, 2], "texture": "#lantern"},
				"south": {"uv": [1, 1, 2, 2], "texture": "#lantern"},
				"west": {"uv": [1, 1, 2, 2], "texture": "#lantern"},
				"up": {"uv": [1, 1, 2, 2], "texture": "#lantern"},
				"down": {"uv": [1, 1, 2, 2], "texture": "#lantern"}
			}
		},
		{
			"from": [9, 8, 8],
			"to": [10, 9, 9],
			"rotation": {"angle": 0, "axis": "y", "origin": [17, 16, 16]},
			"faces": {
				"north": {"uv": [2, 1, 3, 2], "texture": "#lantern"},
				"east": {"uv": [2, 1, 3, 2], "texture": "#lantern"},
				"south": {"uv": [2, 1, 3, 2], "texture": "#lantern"},
				"west": {"uv": [2, 1, 3, 2], "texture": "#lantern"},
				"up": {"uv": [2, 1, 3, 2], "texture": "#lantern"},
				"down": {"uv": [2, 1, 3, 2], "texture": "#lantern"}
			}
		},
		{
			"from": [6, 8, 8],
			"to": [7, 9, 9],
			"rotation": {"angle": 0, "axis": "y", "origin": [14, 16, 16]},
			"faces": {
				"north": {"uv": [2, 1, 3, 2], "texture": "#lantern"},
				"east": {"uv": [2, 1, 3, 2], "texture": "#lantern"},
				"south": {"uv": [2, 1, 3, 2], "texture": "#lantern"},
				"west": {"uv": [2, 1, 3, 2], "texture": "#lantern"},
				"up": {"uv": [2, 1, 3, 2], "texture": "#lantern"},
				"down": {"uv": [2, 1, 3, 2], "texture": "#lantern"}
			}
		},
		{
			"from": [9, 8, 7],
			"to": [10, 9, 8],
			"rotation": {"angle": 0, "axis": "y", "origin": [17, 16, 15]},
			"faces": {
				"north": {"uv": [3, 1, 4, 2], "texture": "#lantern"},
				"east": {"uv": [3, 1, 4, 2], "texture": "#lantern"},
				"south": {"uv": [3, 1, 4, 2], "texture": "#lantern"},
				"west": {"uv": [3, 1, 4, 2], "texture": "#lantern"},
				"up": {"uv": [3, 1, 4, 2], "texture": "#lantern"},
				"down": {"uv": [3, 1, 4, 2], "texture": "#lantern"}
			}
		},
		{
			"from": [6, 8, 7],
			"to": [7, 9, 8],
			"rotation": {"angle": 0, "axis": "y", "origin": [14, 16, 15]},
			"faces": {
				"north": {"uv": [3, 1, 4, 2], "texture": "#lantern"},
				"east": {"uv": [3, 1, 4, 2], "texture": "#lantern"},
				"south": {"uv": [3, 1, 4, 2], "texture": "#lantern"},
				"west": {"uv": [3, 1, 4, 2], "texture": "#lantern"},
				"up": {"uv": [3, 1, 4, 2], "texture": "#lantern"},
				"down": {"uv": [3, 1, 4, 2], "texture": "#lantern"}
			}
		},
		{
			"from": [7, 8, 6],
			"to": [8, 9, 7],
			"rotation": {"angle": 0, "axis": "y", "origin": [15, 16, 14]},
			"faces": {
				"north": {"uv": [3, 1, 4, 2], "texture": "#lantern"},
				"east": {"uv": [3, 1, 4, 2], "texture": "#lantern"},
				"south": {"uv": [3, 1, 4, 2], "texture": "#lantern"},
				"west": {"uv": [3, 1, 4, 2], "texture": "#lantern"},
				"up": {"uv": [3, 1, 4, 2], "texture": "#lantern"},
				"down": {"uv": [3, 1, 4, 2], "texture": "#lantern"}
			}
		},
		{
			"from": [7, 8, 9],
			"to": [8, 9, 10],
			"rotation": {"angle": 0, "axis": "y", "origin": [15, 16, 17]},
			"faces": {
				"north": {"uv": [3, 1, 4, 2], "texture": "#lantern"},
				"east": {"uv": [3, 1, 4, 2], "texture": "#lantern"},
				"south": {"uv": [3, 1, 4, 2], "texture": "#lantern"},
				"west": {"uv": [3, 1, 4, 2], "texture": "#lantern"},
				"up": {"uv": [3, 1, 4, 2], "texture": "#lantern"},
				"down": {"uv": [3, 1, 4, 2], "texture": "#lantern"}
			}
		},
		{
			"from": [8, 8, 6],
			"to": [9, 9, 7],
			"rotation": {"angle": 0, "axis": "y", "origin": [16, 16, 14]},
			"faces": {
				"north": {"uv": [3, 1, 4, 2], "texture": "#lantern"},
				"east": {"uv": [3, 1, 4, 2], "texture": "#lantern"},
				"south": {"uv": [3, 1, 4, 2], "texture": "#lantern"},
				"west": {"uv": [3, 1, 4, 2], "texture": "#lantern"},
				"up": {"uv": [3, 1, 4, 2], "texture": "#lantern"},
				"down": {"uv": [3, 1, 4, 2], "texture": "#lantern"}
			}
		},
		{
			"from": [8, 8, 9],
			"to": [9, 9, 10],
			"rotation": {"angle": 0, "axis": "y", "origin": [16, 16, 17]},
			"faces": {
				"north": {"uv": [3, 1, 4, 2], "texture": "#lantern"},
				"east": {"uv": [3, 1, 4, 2], "texture": "#lantern"},
				"south": {"uv": [3, 1, 4, 2], "texture": "#lantern"},
				"west": {"uv": [3, 1, 4, 2], "texture": "#lantern"},
				"up": {"uv": [3, 1, 4, 2], "texture": "#lantern"},
				"down": {"uv": [3, 1, 4, 2], "texture": "#lantern"}
			}
		}
	]
}