{
	"credit": "Made with Blockbench",
	"parent": "minecraft:block/rail_flat",
	"textures": {
		"rail": "block/powered_rail_on"
	},
	"elements": [
		{
			"from": [2, 0, 0],
			"to": [4, 2, 16],
			"rotation": {"angle": 0, "axis": "y", "origin": [11, 8, 8]},
			"faces": {
				"north": {"uv": [12, 15, 14, 16], "texture": "#rail"},
				"east": {"uv": [3, 0, 4, 1], "texture": "#rail"},
				"south": {"uv": [2, 0, 4, 1], "texture": "#rail"},
				"west": {"uv": [2, 0, 3, 1], "texture": "#rail"},
				"up": {"uv": [2, 0, 4, 16], "texture": "#rail"},
				"down": {"uv": [2, 0, 4, 16], "texture": "#rail"}
			}
		},
		{
			"from": [12, 0, 0],
			"to": [14, 2, 16],
			"rotation": {"angle": 0, "axis": "y", "origin": [5, 8, 8]},
			"faces": {
				"north": {"uv": [14, 15, 12, 16], "texture": "#rail"},
				"east": {"uv": [3, 0, 2, 1], "texture": "#rail"},
				"south": {"uv": [4, 0, 2, 1], "texture": "#rail"},
				"west": {"uv": [4, 0, 3, 1], "texture": "#rail"},
				"up": {"uv": [4, 0, 2, 16], "texture": "#rail"},
				"down": {"uv": [4, 0, 2, 16], "texture": "#rail"}
			}
		},
		{
			"from": [7, 0, 11],
			"to": [9, 1, 13],
			"rotation": {"angle": 0, "axis": "y", "origin": [15, 8, 19]},
			"faces": {
				"north": {"uv": [7, 3, 9, 4], "texture": "#rail"},
				"east": {"uv": [7, 4, 9, 5], "texture": "#rail"},
				"south": {"uv": [7, 4, 9, 5], "texture": "#rail"},
				"west": {"uv": [7, 3, 9, 4], "texture": "#rail"},
				"up": {"uv": [7, 3, 9, 5], "texture": "#rail"},
				"down": {"uv": [7, 3, 9, 5], "texture": "#rail"}
			}
		},
		{
			"from": [7, 0, 7],
			"to": [9, 1, 9],
			"rotation": {"angle": 0, "axis": "y", "origin": [15, 8, 15]},
			"faces": {
				"north": {"uv": [0, 0, 2, 1], "texture": "#missing"},
				"east": {"uv": [7, 7, 9, 8], "texture": "#rail"},
				"south": {"uv": [0, 0, 2, 1], "texture": "#missing"},
				"west": {"uv": [7, 8, 9, 9], "texture": "#rail"},
				"up": {"uv": [7, 7, 9, 9], "texture": "#rail"},
				"down": {"uv": [7, 7, 9, 9], "texture": "#rail"}
			}
		},
		{
			"from": [7, 0, 3],
			"to": [9, 1, 5],
			"rotation": {"angle": 0, "axis": "y", "origin": [15, 8, 11]},
			"faces": {
				"north": {"uv": [0, 0, 2, 1], "texture": "#missing"},
				"east": {"uv": [7, 4, 9, 5], "texture": "#rail"},
				"south": {"uv": [0, 0, 2, 1], "texture": "#missing"},
				"west": {"uv": [7, 3, 9, 4], "texture": "#rail"},
				"up": {"uv": [7, 11, 9, 13], "texture": "#rail"},
				"down": {"uv": [7, 11, 9, 13], "texture": "#rail"}
			}
		},
		{
			"from": [14, 0, 9],
			"to": [15, 1, 11],
			"rotation": {"angle": 0, "axis": "y", "origin": [21, 8, 17]},
			"faces": {
				"north": {"uv": [1, 5, 2, 6], "texture": "#rail"},
				"east": {"uv": [7, 9, 9, 10], "texture": "#rail"},
				"south": {"uv": [1, 6, 2, 7], "texture": "#rail"},
				"west": {"uv": [6, 9, 8, 10], "texture": "#rail"},
				"up": {"uv": [1, 5, 2, 7], "texture": "#rail"},
				"down": {"uv": [1, 5, 2, 7], "texture": "#rail"}
			}
		},
		{
			"from": [14, 0, 5],
			"to": [15, 1, 7],
			"rotation": {"angle": 0, "axis": "y", "origin": [21, 8, 13]},
			"faces": {
				"north": {"uv": [1, 5, 2, 6], "texture": "#rail"},
				"east": {"uv": [7, 9, 9, 10], "texture": "#rail"},
				"south": {"uv": [1, 6, 2, 7], "texture": "#rail"},
				"west": {"uv": [6, 9, 8, 10], "texture": "#rail"},
				"up": {"uv": [1, 5, 2, 7], "texture": "#rail"},
				"down": {"uv": [1, 5, 2, 7], "texture": "#rail"}
			}
		},
		{
			"from": [14, 0, 1],
			"to": [15, 1, 3],
			"rotation": {"angle": 0, "axis": "y", "origin": [21, 8, 9]},
			"faces": {
				"north": {"uv": [1, 5, 2, 6], "texture": "#rail"},
				"east": {"uv": [7, 9, 9, 10], "texture": "#rail"},
				"south": {"uv": [1, 6, 2, 7], "texture": "#rail"},
				"west": {"uv": [6, 9, 8, 10], "texture": "#rail"},
				"up": {"uv": [1, 5, 2, 7], "texture": "#rail"},
				"down": {"uv": [1, 5, 2, 7], "texture": "#rail"}
			}
		},
		{
			"from": [1, 0, 9],
			"to": [2, 1, 11],
			"rotation": {"angle": 0, "axis": "y", "origin": [8, 8, 17]},
			"faces": {
				"north": {"uv": [1, 5, 2, 6], "texture": "#rail"},
				"east": {"uv": [7, 9, 9, 10], "texture": "#rail"},
				"south": {"uv": [1, 6, 2, 7], "texture": "#rail"},
				"west": {"uv": [6, 9, 8, 10], "texture": "#rail"},
				"up": {"uv": [1, 5, 2, 7], "texture": "#rail"},
				"down": {"uv": [1, 5, 2, 7], "texture": "#rail"}
			}
		},
		{
			"from": [1, 0, 5],
			"to": [2, 1, 7],
			"rotation": {"angle": 0, "axis": "y", "origin": [8, 8, 13]},
			"faces": {
				"north": {"uv": [1, 5, 2, 6], "texture": "#rail"},
				"east": {"uv": [7, 9, 9, 10], "texture": "#rail"},
				"south": {"uv": [1, 6, 2, 7], "texture": "#rail"},
				"west": {"uv": [6, 9, 8, 10], "texture": "#rail"},
				"up": {"uv": [1, 5, 2, 7], "texture": "#rail"},
				"down": {"uv": [1, 5, 2, 7], "texture": "#rail"}
			}
		},
		{
			"from": [1, 0, 1],
			"to": [2, 1, 3],
			"rotation": {"angle": 0, "axis": "y", "origin": [8, 8, 9]},
			"faces": {
				"north": {"uv": [1, 5, 2, 6], "texture": "#rail"},
				"east": {"uv": [7, 9, 9, 10], "texture": "#rail"},
				"south": {"uv": [1, 6, 2, 7], "texture": "#rail"},
				"west": {"uv": [6, 9, 8, 10], "texture": "#rail"},
				"up": {"uv": [1, 5, 2, 7], "texture": "#rail"},
				"down": {"uv": [1, 5, 2, 7], "texture": "#rail"}
			}
		},
		{
			"from": [4, 0, 9],
			"to": [12, 1, 11],
			"rotation": {"angle": 0, "axis": "y", "origin": [18, 8, 17]},
			"faces": {
				"north": {"uv": [4, 5, 12, 6], "texture": "#rail"},
				"east": {"uv": [4, 5, 6, 6], "texture": "#rail"},
				"south": {"uv": [4, 6, 12, 7], "texture": "#rail"},
				"west": {"uv": [4, 5, 6, 6], "texture": "#rail"},
				"up": {"uv": [4, 5, 12, 7], "texture": "#rail"},
				"down": {"uv": [4, 5, 12, 7], "texture": "#rail"}
			}
		},
		{
			"from": [14, 0, 13],
			"to": [15, 1, 15],
			"rotation": {"angle": 0, "axis": "y", "origin": [21, 8, 21]},
			"faces": {
				"north": {"uv": [1, 1, 2, 2], "texture": "#rail"},
				"east": {"uv": [7, 9, 9, 10], "texture": "#rail"},
				"south": {"uv": [1, 2, 2, 3], "texture": "#rail"},
				"west": {"uv": [7, 9, 9, 10], "texture": "#rail"},
				"up": {"uv": [1, 1, 2, 3], "texture": "#rail"},
				"down": {"uv": [1, 1, 2, 3], "texture": "#rail"}
			}
		},
		{
			"from": [1, 0, 13],
			"to": [2, 1, 15],
			"rotation": {"angle": 0, "axis": "y", "origin": [8, 8, 21]},
			"faces": {
				"north": {"uv": [1, 1, 2, 2], "texture": "#rail"},
				"east": {"uv": [7, 9, 9, 10], "texture": "#rail"},
				"south": {"uv": [1, 2, 2, 3], "texture": "#rail"},
				"west": {"uv": [6, 9, 8, 10], "texture": "#rail"},
				"up": {"uv": [1, 1, 2, 3], "texture": "#rail"},
				"down": {"uv": [1, 1, 2, 3], "texture": "#rail"}
			}
		},
		{
			"from": [4, 0, 13],
			"to": [12, 1, 15],
			"rotation": {"angle": 0, "axis": "y", "origin": [18, 8, 21]},
			"faces": {
				"north": {"uv": [4, 1, 12, 2], "texture": "#rail"},
				"east": {"uv": [4, 1, 6, 2], "texture": "#rail"},
				"south": {"uv": [4, 2, 12, 3], "texture": "#rail"},
				"west": {"uv": [4, 1, 6, 2], "texture": "#rail"},
				"up": {"uv": [4, 1, 12, 3], "texture": "#rail"},
				"down": {"uv": [4, 1, 12, 3], "texture": "#rail"}
			}
		},
		{
			"from": [4, 0, 1],
			"to": [12, 1, 3],
			"rotation": {"angle": 0, "axis": "y", "origin": [18, 8, 9]},
			"faces": {
				"north": {"uv": [4, 14, 12, 15], "texture": "#rail"},
				"east": {"uv": [4, 9, 6, 10], "texture": "#rail"},
				"south": {"uv": [4, 14, 12, 15], "texture": "#rail"},
				"west": {"uv": [4, 9, 6, 10], "texture": "#rail"},
				"up": {"uv": [4, 13, 12, 15], "texture": "#rail"},
				"down": {"uv": [4, 13, 12, 15], "texture": "#rail"}
			}
		},
		{
			"from": [4, 0, 5],
			"to": [12, 1, 7],
			"rotation": {"angle": 0, "axis": "y", "origin": [18, 8, 13]},
			"faces": {
				"north": {"uv": [4, 9, 12, 10], "texture": "#rail"},
				"east": {"uv": [4, 9, 6, 10], "texture": "#rail"},
				"south": {"uv": [4, 10, 12, 11], "texture": "#rail"},
				"west": {"uv": [4, 9, 6, 10], "texture": "#rail"},
				"up": {"uv": [4, 9, 12, 11], "texture": "#rail"},
				"down": {"uv": [4, 9, 12, 11], "texture": "#rail"}
			}
		}
	]
}