{
	"credit": "Made with Blockbench",
	"parent": "minecraft:block/cube",
	"textures": {
		"particle": "block/smithing_table_front",
		"north": "block/smithing_table_front",
		"east": "block/smithing_table_side",
		"up": "block/smithing_table_top",
		"down": "block/smithing_table_bottom"
	},
	"elements": [
		{
			"from": [0, 0, 0],
			"to": [16, 16, 16],
			"faces": {
				"north": {"uv": [0, 0, 16, 16], "texture": "#north"},
				"east": {"uv": [0, 0, 16, 16], "texture": "#east"},
				"south": {"uv": [0, 0, 16, 16], "texture": "#north"},
				"west": {"uv": [0, 0, 16, 16], "texture": "#east"},
				"up": {"uv": [0, 0, 16, 16], "texture": "#up"},
				"down": {"uv": [0, 0, 16, 16], "texture": "#down"}
			}
		},
		{
			"from": [16, 3, 10],
			"to": [16.5, 7, 11],
			"rotation": {"angle": 0, "axis": "y", "origin": [23, 11, 18]},
			"faces": {
				"north": {"uv": [5, 9, 6, 13], "texture": "#east"},
				"east": {"uv": [5, 9, 6, 13], "texture": "#east"},
				"south": {"uv": [5, 9, 6, 13], "texture": "#east"},
				"west": {"uv": [5, 9, 6, 13], "texture": "#east"},
				"up": {"uv": [5, 9, 6, 13], "texture": "#east"},
				"down": {"uv": [5, 12, 6, 13], "texture": "#east"}
			}
		},
		{
			"from": [16, 10, 10],
			"to": [16.5, 11, 11],
			"rotation": {"angle": 0, "axis": "y", "origin": [23, 18, 18]},
			"faces": {
				"north": {"uv": [5, 5, 6, 6], "texture": "#east"},
				"east": {"uv": [5, 5, 6, 6], "texture": "#east"},
				"south": {"uv": [5, 5, 6, 6], "texture": "#east"},
				"west": {"uv": [5, 5, 6, 6], "texture": "#east"},
				"up": {"uv": [5, 5, 6, 6], "texture": "#east"},
				"down": {"uv": [5, 5, 6, 6], "texture": "#east"}
			}
		},
		{
			"from": [16, 7, 8],
			"to": [16.5, 10, 13],
			"rotation": {"angle": 0, "axis": "y", "origin": [23, 17, 16]},
			"faces": {
				"north": {"uv": [3, 6, 4, 9], "texture": "#east"},
				"east": {"uv": [3, 6, 8, 9], "texture": "#east"},
				"south": {"uv": [7, 6, 8, 9], "texture": "#east"},
				"west": {"uv": [3, 6, 8, 9], "texture": "#east"},
				"up": {"uv": [0, 5, 1, 10], "texture": "#east"},
				"down": {"uv": [0, 6, 1, 11], "texture": "#east"}
			}
		},
		{
			"from": [-0.5, 10, 5],
			"to": [0, 11, 6],
			"rotation": {"angle": 0, "axis": "y", "origin": [6, 18, 13]},
			"faces": {
				"north": {"uv": [5, 5, 6, 6], "texture": "#east"},
				"east": {"uv": [5, 5, 6, 6], "texture": "#east"},
				"south": {"uv": [5, 5, 6, 6], "texture": "#east"},
				"west": {"uv": [5, 5, 6, 6], "texture": "#east"},
				"up": {"uv": [5, 5, 6, 6], "texture": "#east"},
				"down": {"uv": [5, 5, 6, 6], "texture": "#east"}
			}
		},
		{
			"from": [-0.5, 7, 3],
			"to": [0, 10, 8],
			"rotation": {"angle": 0, "axis": "y", "origin": [6, 17, 11]},
			"faces": {
				"north": {"uv": [3, 6, 4, 9], "texture": "#east"},
				"east": {"uv": [3, 6, 8, 9], "texture": "#east"},
				"south": {"uv": [7, 6, 8, 9], "texture": "#east"},
				"west": {"uv": [3, 6, 8, 9], "texture": "#east"},
				"up": {"uv": [0, 6, 1, 11], "texture": "#east"},
				"down": {"uv": [0, 5, 1, 10], "texture": "#east"}
			}
		},
		{
			"from": [-0.5, 3, 5],
			"to": [0, 7, 6],
			"rotation": {"angle": 0, "axis": "y", "origin": [6, 11, 13]},
			"faces": {
				"north": {"uv": [5, 9, 6, 13], "texture": "#east"},
				"east": {"uv": [5, 9, 6, 13], "texture": "#east"},
				"south": {"uv": [5, 9, 6, 13], "texture": "#east"},
				"west": {"uv": [5, 9, 6, 13], "texture": "#east"},
				"up": {"uv": [5, 9, 6, 13], "texture": "#east"},
				"down": {"uv": [5, 12, 6, 13], "texture": "#east"}
			}
		},
		{
			"from": [3, 4, 16],
			"to": [4, 10, 16.5],
			"rotation": {"angle": 0, "axis": "y", "origin": [11, 12, 24]},
			"faces": {
				"north": {"uv": [3, 6, 4, 12], "texture": "#north"},
				"east": {"uv": [3, 6, 4, 12], "texture": "#north"},
				"south": {"uv": [3, 6, 4, 12], "texture": "#north"},
				"west": {"uv": [3, 6, 4, 12], "texture": "#north"},
				"up": {"uv": [3, 6, 4, 7], "texture": "#north"},
				"down": {"uv": [3, 11, 4, 12], "texture": "#north"}
			}
		},
		{
			"from": [12, 4, -0.5],
			"to": [13, 10, 0],
			"rotation": {"angle": 0, "axis": "y", "origin": [20, 12, 8]},
			"faces": {
				"north": {"uv": [3, 6, 4, 12], "texture": "#north"},
				"east": {"uv": [3, 6, 4, 12], "texture": "#north"},
				"south": {"uv": [3, 6, 4, 12], "texture": "#north"},
				"west": {"uv": [3, 6, 4, 12], "texture": "#north"},
				"up": {"uv": [3, 6, 4, 7], "texture": "#north"},
				"down": {"uv": [3, 11, 4, 12], "texture": "#north"}
			}
		},
		{
			"from": [5, 4, 16],
			"to": [6, 11, 16.5],
			"rotation": {"angle": 0, "axis": "y", "origin": [13, 12, 24]},
			"faces": {
				"north": {"uv": [5, 5, 6, 12], "texture": "#north"},
				"east": {"uv": [5, 5, 6, 12], "texture": "#north"},
				"south": {"uv": [5, 5, 6, 12], "texture": "#north"},
				"west": {"uv": [5, 5, 6, 12], "texture": "#north"},
				"up": {"uv": [5, 5, 6, 6], "texture": "#north"},
				"down": {"uv": [5, 11, 6, 12], "texture": "#north"}
			}
		},
		{
			"from": [10, 4, -0.5],
			"to": [11, 11, 0],
			"rotation": {"angle": 0, "axis": "y", "origin": [18, 12, 8]},
			"faces": {
				"north": {"uv": [5, 5, 6, 12], "texture": "#north"},
				"east": {"uv": [5, 5, 6, 12], "texture": "#north"},
				"south": {"uv": [5, 5, 6, 12], "texture": "#north"},
				"west": {"uv": [5, 5, 6, 12], "texture": "#north"},
				"up": {"uv": [5, 5, 6, 6], "texture": "#north"},
				"down": {"uv": [5, 11, 6, 12], "texture": "#north"}
			}
		},
		{
			"from": [9, 5, 16],
			"to": [10, 7, 16.5],
			"rotation": {"angle": 0, "axis": "y", "origin": [17, 13, 24]},
			"faces": {
				"north": {"uv": [9, 9, 10, 11], "texture": "#north"},
				"east": {"uv": [9, 9, 10, 11], "texture": "#north"},
				"south": {"uv": [9, 9, 10, 11], "texture": "#north"},
				"west": {"uv": [9, 9, 10, 11], "texture": "#north"},
				"up": {"uv": [9, 9, 10, 10], "texture": "#north"},
				"down": {"uv": [9, 10, 10, 11], "texture": "#north"}
			}
		},
		{
			"from": [4, 5, -0.5],
			"to": [5, 7, 0],
			"rotation": {"angle": 0, "axis": "y", "origin": [12, 13, 8]},
			"faces": {
				"north": {"uv": [9, 9, 10, 11], "texture": "#north"},
				"east": {"uv": [9, 9, 10, 11], "texture": "#north"},
				"south": {"uv": [9, 9, 10, 11], "texture": "#north"},
				"west": {"uv": [9, 9, 10, 11], "texture": "#north"},
				"up": {"uv": [9, 9, 10, 10], "texture": "#north"},
				"down": {"uv": [9, 10, 10, 11], "texture": "#north"}
			}
		},
		{
			"from": [11, 5, 16],
			"to": [12, 7, 16.5],
			"rotation": {"angle": 0, "axis": "y", "origin": [19, 13, 24]},
			"faces": {
				"north": {"uv": [9, 9, 10, 11], "texture": "#north"},
				"east": {"uv": [9, 9, 10, 11], "texture": "#north"},
				"south": {"uv": [9, 9, 10, 11], "texture": "#north"},
				"west": {"uv": [9, 9, 10, 11], "texture": "#north"},
				"up": {"uv": [9, 9, 10, 10], "texture": "#north"},
				"down": {"uv": [9, 10, 10, 11], "texture": "#north"}
			}
		},
		{
			"from": [6, 5, -0.5],
			"to": [7, 7, 0],
			"rotation": {"angle": 0, "axis": "y", "origin": [14, 13, 8]},
			"faces": {
				"north": {"uv": [9, 9, 10, 11], "texture": "#north"},
				"east": {"uv": [9, 9, 10, 11], "texture": "#north"},
				"south": {"uv": [9, 9, 10, 11], "texture": "#north"},
				"west": {"uv": [9, 9, 10, 11], "texture": "#north"},
				"up": {"uv": [9, 9, 10, 10], "texture": "#north"},
				"down": {"uv": [9, 10, 10, 11], "texture": "#north"}
			}
		},
		{
			"from": [10, 3, 16],
			"to": [11, 5, 16.5],
			"rotation": {"angle": 0, "axis": "y", "origin": [18, 11, 24]},
			"faces": {
				"north": {"uv": [9, 9, 10, 11], "texture": "#north"},
				"east": {"uv": [9, 9, 10, 11], "texture": "#north"},
				"south": {"uv": [9, 9, 10, 11], "texture": "#north"},
				"west": {"uv": [9, 9, 10, 11], "texture": "#north"},
				"up": {"uv": [9, 9, 10, 10], "texture": "#north"},
				"down": {"uv": [9, 10, 10, 11], "texture": "#north"}
			}
		},
		{
			"from": [5, 3, -0.5],
			"to": [6, 5, 0],
			"rotation": {"angle": 0, "axis": "y", "origin": [13, 11, 8]},
			"faces": {
				"north": {"uv": [9, 9, 10, 11], "texture": "#north"},
				"east": {"uv": [9, 9, 10, 11], "texture": "#north"},
				"south": {"uv": [9, 9, 10, 11], "texture": "#north"},
				"west": {"uv": [9, 9, 10, 11], "texture": "#north"},
				"up": {"uv": [9, 9, 10, 10], "texture": "#north"},
				"down": {"uv": [9, 10, 10, 11], "texture": "#north"}
			}
		},
		{
			"from": [8, 7, 16],
			"to": [9, 10, 16.5],
			"rotation": {"angle": 0, "axis": "y", "origin": [16, 15, 24]},
			"faces": {
				"north": {"uv": [8, 6, 9, 9], "texture": "#north"},
				"east": {"uv": [8, 6, 9, 9], "texture": "#north"},
				"south": {"uv": [8, 6, 9, 9], "texture": "#north"},
				"west": {"uv": [8, 6, 9, 9], "texture": "#north"},
				"up": {"uv": [8, 6, 9, 7], "texture": "#north"},
				"down": {"uv": [8, 8, 9, 9], "texture": "#north"}
			}
		},
		{
			"from": [3, 7, -0.5],
			"to": [4, 10, 0],
			"rotation": {"angle": 0, "axis": "y", "origin": [11, 15, 8]},
			"faces": {
				"north": {"uv": [8, 6, 9, 9], "texture": "#north"},
				"east": {"uv": [8, 6, 9, 9], "texture": "#north"},
				"south": {"uv": [8, 6, 9, 9], "texture": "#north"},
				"west": {"uv": [8, 6, 9, 9], "texture": "#north"},
				"up": {"uv": [8, 6, 9, 7], "texture": "#north"},
				"down": {"uv": [8, 8, 9, 9], "texture": "#north"}
			}
		},
		{
			"from": [12, 7, 16],
			"to": [13, 10, 16.5],
			"rotation": {"angle": 0, "axis": "y", "origin": [20, 15, 24]},
			"faces": {
				"north": {"uv": [8, 6, 9, 9], "texture": "#north"},
				"east": {"uv": [8, 6, 9, 9], "texture": "#north"},
				"south": {"uv": [8, 6, 9, 9], "texture": "#north"},
				"west": {"uv": [8, 6, 9, 9], "texture": "#north"},
				"up": {"uv": [8, 6, 9, 7], "texture": "#north"},
				"down": {"uv": [8, 8, 9, 9], "texture": "#north"}
			}
		},
		{
			"from": [7, 7, -0.5],
			"to": [8, 10, 0],
			"rotation": {"angle": 0, "axis": "y", "origin": [15, 15, 8]},
			"faces": {
				"north": {"uv": [8, 6, 9, 9], "texture": "#north"},
				"east": {"uv": [8, 6, 9, 9], "texture": "#north"},
				"south": {"uv": [8, 6, 9, 9], "texture": "#north"},
				"west": {"uv": [8, 6, 9, 9], "texture": "#north"},
				"up": {"uv": [8, 6, 9, 7], "texture": "#north"},
				"down": {"uv": [8, 8, 9, 9], "texture": "#north"}
			}
		},
		{
			"from": [9, 9, 16],
			"to": [10, 10, 16.5],
			"rotation": {"angle": 0, "axis": "y", "origin": [17, 15, 24]},
			"faces": {
				"north": {"uv": [9, 6, 10, 7], "texture": "#north"},
				"east": {"uv": [9, 6, 10, 7], "texture": "#north"},
				"south": {"uv": [9, 6, 10, 7], "texture": "#north"},
				"west": {"uv": [9, 6, 10, 7], "texture": "#north"},
				"up": {"uv": [9, 6, 10, 7], "texture": "#north"},
				"down": {"uv": [9, 6, 10, 7], "texture": "#north"}
			}
		},
		{
			"from": [4, 9, -0.5],
			"to": [5, 10, 0],
			"rotation": {"angle": 0, "axis": "y", "origin": [12, 15, 8]},
			"faces": {
				"north": {"uv": [9, 6, 10, 7], "texture": "#north"},
				"east": {"uv": [9, 6, 10, 7], "texture": "#north"},
				"south": {"uv": [9, 6, 10, 7], "texture": "#north"},
				"west": {"uv": [9, 6, 10, 7], "texture": "#north"},
				"up": {"uv": [9, 6, 10, 7], "texture": "#north"},
				"down": {"uv": [9, 6, 10, 7], "texture": "#north"}
			}
		},
		{
			"from": [11, 9, 16],
			"to": [12, 10, 16.5],
			"rotation": {"angle": 0, "axis": "y", "origin": [19, 15, 24]},
			"faces": {
				"north": {"uv": [11, 6, 12, 7], "texture": "#north"},
				"east": {"uv": [11, 6, 12, 7], "texture": "#north"},
				"south": {"uv": [11, 6, 12, 7], "texture": "#north"},
				"west": {"uv": [11, 6, 12, 7], "texture": "#north"},
				"up": {"uv": [11, 6, 12, 7], "texture": "#north"},
				"down": {"uv": [11, 6, 12, 7], "texture": "#north"}
			}
		},
		{
			"from": [6, 9, -0.5],
			"to": [7, 10, 0],
			"rotation": {"angle": 0, "axis": "y", "origin": [14, 15, 8]},
			"faces": {
				"north": {"uv": [11, 6, 12, 7], "texture": "#north"},
				"east": {"uv": [11, 6, 12, 7], "texture": "#north"},
				"south": {"uv": [11, 6, 12, 7], "texture": "#north"},
				"west": {"uv": [11, 6, 12, 7], "texture": "#north"},
				"up": {"uv": [11, 6, 12, 7], "texture": "#north"},
				"down": {"uv": [11, 6, 12, 7], "texture": "#north"}
			}
		}
	],
	"groups": [0,
		{
			"name": "martello ovest",
			"origin": [8, 8, 8],
			"children": [1, 2, 3]
		},
		{
			"name": "martello est",
			"origin": [8, 8, 8],
			"children": [4, 5, 6]
		}, 7, 8, 9, 10, 11, 12, 13, 14, 15, 16, 17, 18, 19, 20, 21, 22, 23, 24]
}